{
  "id": "3680220",
  "name": "biyao",
  "font_family": "iconfont",
  "css_prefix_text": "icon-",
  "description": "",
  "glyphs": [
    {
      "icon_id": "577399",
      "name": "向下2",
      "font_class": "xiangxia2",
      "unicode": "e772",
      "unicode_decimal": 59250
    },
    {
      "icon_id": "17605491",
      "name": "首页",
      "font_class": "shouye",
      "unicode": "e818",
      "unicode_decimal": 59416
    },
    {
      "icon_id": "577334",
      "name": "店铺",
      "font_class": "dianpu1",
      "unicode": "e736",
      "unicode_decimal": 59190
    },
    {
      "icon_id": "1302",
      "name": "加",
      "font_class": "jia",
      "unicode": "e601",
      "unicode_decimal": 58881
    },
    {
      "icon_id": "1306",
      "name": "购物车空",
      "font_class": "gouwuchekong",
      "unicode": "e602",
      "unicode_decimal": 58882
    },
    {
      "icon_id": "1309",
      "name": "退出",
      "font_class": "tuichu",
      "unicode": "e603",
      "unicode_decimal": 58883
    },
    {
      "icon_id": "1430",
      "name": "购物",
      "font_class": "gouwu",
      "unicode": "e605",
      "unicode_decimal": 58885
    },
    {
      "icon_id": "307212",
      "name": "成功",
      "font_class": "chenggong",
      "unicode": "e68c",
      "unicode_decimal": 59020
    },
    {
      "icon_id": "577402",
      "name": "向右1",
      "font_class": "xiangyou1",
      "unicode": "e775",
      "unicode_decimal": 59253
    },
    {
      "icon_id": "577406",
      "name": "向左1",
      "font_class": "xiangzuo1",
      "unicode": "e779",
      "unicode_decimal": 59257
    },
    {
      "icon_id": "831197",
      "name": "返回顶部",
      "font_class": "icon",
      "unicode": "e666",
      "unicode_decimal": 58982
    },
    {
      "icon_id": "975296",
      "name": "注册",
      "font_class": "zhuce",
      "unicode": "e62d",
      "unicode_decimal": 58925
    },
    {
      "icon_id": "975307",
      "name": "登录",
      "font_class": "denglu",
      "unicode": "e62e",
      "unicode_decimal": 58926
    },
    {
      "icon_id": "2721142",
      "name": "购物车添加",
      "font_class": "gouwuchetianjia",
      "unicode": "e61c",
      "unicode_decimal": 58908
    },
    {
      "icon_id": "3069810",
      "name": "警告",
      "font_class": "warning",
      "unicode": "e607",
      "unicode_decimal": 58887
    },
    {
      "icon_id": "4511969",
      "name": "减少",
      "font_class": "jianshao",
      "unicode": "e644",
      "unicode_decimal": 58948
    },
    {
      "icon_id": "4550303",
      "name": "错误",
      "font_class": "cuowu",
      "unicode": "e608",
      "unicode_decimal": 58888
    },
    {
      "icon_id": "4847414",
      "name": "删除",
      "font_class": "shanchu",
      "unicode": "e60f",
      "unicode_decimal": 58895
    },
    {
      "icon_id": "9997070",
      "name": "密码",
      "font_class": "password",
      "unicode": "e6f8",
      "unicode_decimal": 59128
    },
    {
      "icon_id": "11125624",
      "name": "分类",
      "font_class": "2",
      "unicode": "e623",
      "unicode_decimal": 58915
    },
    {
      "icon_id": "1727425",
      "name": "206搜索",
      "font_class": "sousuo",
      "unicode": "e8ba",
      "unicode_decimal": 59578
    }
  ]
}
